Disease,Anatomy,Surgery,Medicine,Composition,Cause,Complication,Diagnosis,Precaution,Riskfactor,Symptom
ABO and Rh blood groups,,,,,,,Blood typing,,,
ACL injury,,,,,"Suddenly slowing down, changing direction, cutting, Pivoting with your foot firmly planted, Landing awkwardly from jump, Stopping suddenly, direct blow to the knee, having a collision","osteoarthritis in the knee, arthritis",,,,
ADHD,,,consult doctor,,,,,"protein-rich breakfast, walk to school if possible, have a quiet place to do homework","Exposure to environmental toxins, family history, drug use, alcohol use or smoking during pregnancy",
AIDS,"brain, immune system, skin, spinal cord","Hypnosurgery, V-plasty, VY-plasty, W-plasty, Z-plasty, Escharotomy, Skin biopsy","abacavir, didanosine, emtricitabine, lamivudine, stavudine, tenofovir, zalcitabine, zidovudine",,"virus, sexual contact, illicit injection drug use or sharing needles, contact with infected blood, or from mother to child during pregnancy, childbirth, breastfeeding","Pneumocystis pneumonia (PCP), Candidiasis (thrush), Tuberculosis (TB), Cytomegalovirus, Cryptococcal meningitis, Toxoplasmosis, Lymphoma, Kaposi's sarcoma, Wasting syndrome, Neurological complications, Kidney disease, Liver disease",,"pre-exposure prophylaxis (PrEP),use condoms or dental dams with oral sex","Having unprotected sex,having another sexually transmitted infection","muscle wasting, patches in throat, high fever, extra marital contacts"
Abdominal Aortic Aneurysm,,,,,"Hardening of the arteries, atherosclerosis, High blood pressure, Blood vessel diseases, Infection in the aorta, Trauma","aortic dissection, ruptured aneurysm, developing blood clots, cause pain, block blood flow",,,,
Abdominal and pelvic conditions,,,,,,,Ultrasound,,,
Abdominal disorders,,,,,,,"Laparoscopy, Computed tomography (CT scan)",,,
Absence Seizure,,,,,"genetic predisposition, abnormal electrical impulses from nerve cells","Learning difficulties, Behavior problems, Social isolation",,,,
Acanthosis nigricans,,,,,"Insulin resistance, Certain drugs and supplements, Cancer",type 2 diabetes,,,,
Acne,,,"antibiotics, isoniazid",,"Excess oil (sebum) production, Hair follicles clogged by oil and dead skin cells, Bacteria, Inflammation, Hormonal changes, Stress, Diet","Scars, Pitted skin, keloids, Skin changes, hyperpigmented, hypopigmented",,"Bath twice, avoid fatty spicy food, drink plenty of water, avoid too many products","Being teenager, Hormonal changes, Friction or pressure on your skin, Stress, certain medicines","skin rash, pus filled pimples, blackheads, scurring"
Adenomyosis,,,consult doctor,,,,,No precaution,"Prior uterine surgery, such as a C-section or fibroid removal, Childbirth, Middle age",
Adrenal insufficiency,,,,,,,Epinephrine tolerance test,,,
Alcoholic Hepatitis,,,,,,,,,,"vomiting, yellowish skin, abdominal pain, swelling of stomach, distention of abdomen, history of alcohol consumption, fluid overload"
Allergic contact dermatitis,,,,,,,Patch test,,,
Allergic reactions,,,,,,,Skin test,,,
Allergies,,,,,"Airborne allergens, Certain foods, Insect stings, Medications, Latex or other substances you touch, ","Anaphylaxis, Asthma, Sinusitis, infections of the ears or lungs, ",", Hypersensitivity reactions, Immunologic blood test",,,
Allergy,,,antihistamine,"Brompheniramine, Cetirizine, Chlorpheniramine, Brompheniramine (Dimetane)",,,,,,"continuous sneezing, shivering, chills, watering from eyes"
Alzheimer's,,,"cholinesterase inhibitors, donepezil, galantamine, rivastigmine","humulene (46.3%), caryophyllene (9.3%), copaene (8.2%), myrcene (4.3%), Z(E)-farnesene (3.7%), calarene (3.5%)","loss of neurons, Plaques, Tangles","ability to swallow, balance, and control bowel and bladder movements, Inhaling food or liquid into the lungs, Flu, pneumonia, Poor nutrition, dehydration, Constipation, diarrhea, Dental problems",,"Stopping smoking, keeping alcohol to a minimum, eating a healthy, balanced diet, exercising","Lack of exercise, Obesity, Smoking, High BP, High cholesterol, Poorly controlled diabetes, family history",
Alzheimer's disease,,,,,,,Brain scanning,,,
Amnesia,,,consult doctor,,"Stroke, Brain inflammation, Not enough oxygen in the brain, alcohol misuse, little vitamin B-1, Tumors, Seizures","lost memories, problems at work, at school, in social settings",,"Avoid heavy use of alcohol, drugs, Stay mentally active, exercise, use protective gear while playing","Brain surgery, head injury or trauma, Stroke, Alcohol abuse, Seizures",
Anaphylaxis,,,,,,,Hypersensitivity reactions,,,
Anemia,,,"ferrous sulfate, ","Calcium phosphate, cellulose, croscarmellose sodium, FD&C red #40, hypromellose, magnesium stearate, ","Iron deficiency, Vitamin deficiency, deficiency of red blood cells, ","Extreme fatigue, Pregnancy complications, Heart problems, Death, ",", Hematocrit, Blood count, Blood analysis","consuming iron-rich foods such as fish, poultry, eggs, meat, peas, beans, lentils, and potatoes, ","Family history, A diet lacking in certain vitamins and minerals, Intestinal disorders, Pregnancy, ",
Aneurysms,,,,,,,Angiography,,,
Ankylosing spondylitis,,,"immunosuppressive drug, steroid","calcineurin inhibitors, interleukin inhibitors, selective immunosuppressants, TNF alfa inhibitors, 17 carbon atom, bonded in 4 fused ring, 3 6-member cyclohexane ring",,,,"Avoid Alcohol, Get Plenty of Calcium and Vitamin D, Practice Good Posture, exercise","Late adolescence or early adulthood, being man, family history",
Anthrax,,,"antibiotics, isoniazid",,,,,"Avoid touching a contaminated surface, avoid contact of ill person, prevent animal bites","Handle animal skins, furs, Work with anthrax in a laboratory, Inject illegal drugs",
Anxiety disorders,,,"sedative, selective serotonin reuptake inhibitors, ssris","barbiturates, benzodiazepines, gamma-hydroxybutyrate (GHB)",,,,"Avoid coffee, tea, cola and chocolate, xercise daily and eat a healthy, balanced diet","Trauma, Stress due to an illness, Other mental health disorders, family history",
Aplastic anemia,,,,,,,Bone marrow aspiration,,,
Arthritis,,,steroid,"17 carbon atom, bonded in 4 fused ring, 3 6-member cyclohexane ring",,,,"Exercise, use hot and cold therapy, try acupuncture, massage","Family history, Previous joint injury, older age, being woman, obesity","muscle weakness, stiff neck, swelling joints, movement stiffness, painful walking"
Ascariasis,,,consult doctor,,,,,"Avoid ingesting soil that may be contaminated with human or pig feces, washing hands before food","Children likely to play in dirt, Poor sanitation",
Asthma,,,"albuterol, levalbuterol, metaproterenol sulfate, ","Albuterol sulfate USP, 0.31 mg levalbuterol, 0.63 mg levalbuterol, 150 mg metaproterenol sulfate, micronized powder, inert propellants, ",,,", Respiratory test, Pulmonary function test","switch to loose clothing, take deep breaths, get away from trigger, seek help, ","Wheezing when exhaling,Shortness of breath,Chest tightness or pain, ",
Autism,,,consult doctor,,,,,"Live healthy. Have regular check-ups, eat well-balanced meals, and exercise","Family history, being a boy, Other disorders, Extremely preterm babies, older parents at birth of child",
Autoimmune diseases,,,,,,,Serological test,,,
Autoimmune disorders,,,,,,,Immunologic blood test,,,
Back pain,,,,,"Muscle or ligament strain, Bulging or ruptured disks, Arthritis, Osteoporosis","difficulties in movement, sitting, complications in daily activities",,,,
Bile duct disorders,,,,,,,Endoscopic retrograde cholangiopancreatography,,,
Bird flu,,,"oseltamivir, tamiflu",,,,,"Use different utensils for cooked and raw meat, cook meat fully, avoid contact with live poultry","contact with sick birds or with surfaces contaminated by their feathers, saliva or droppings",
Bladder infections,,,,,,,Uroscopy,,,
Bladder stones,,,consult doctor,,"Prostate gland enlargement, Damaged nerves, Kidney stones","Chronic bladder problems, Urinary tract infections",,"Drink plenty of fluids, especially water","Nerve damage. Stroke, spinal cord injuries, Parkinson's disease, diabetes, being man",
Blocked blood vessels,,,,,,,Angiography,,,
Blood disorders,,,,,,,"Blood count, Cellular and chemical analysis",,,
Blood flow abnormalities,,,,,,,Perfusion scan,,,
Blood transfusion compatibility,,,,,,,Blood typing,,,
Brain Hemorrhage,,,,,,,,,,"vomiting, headache, weakness of one body side, altered sensorium"
Brain abnormalities,,,,,,,Pneumoencephalography,,,
Brain aneurysms,,,,,,,Cerebral angiography,,,
Brain disorders,,,,,,,"Single photon emission computed tomography (SPECT scan), Positron emission tomography (PET scan)",,,
Brain function mapping,,,,,,,Functional magnetic resonance imaging (fMRI),,,
Brain hemorrhage,,,antihypertensive drug,,,,,"Don't smoke,Don't use drugs,Investigate corrective surgery","Smoking, excessive alcohol, hypocholesterolemia, drugs, Old age, male sex, chronic kidney disease",
Brain lesions,,,,,,,Echoencephalography,,,
Brain mapping,,,,,,,Magnetoencephalography,,,
Brain tumors,,,,,,,"Magnetic resonance spectroscopy, Magnetic resonance imaging (MRI), Brain scanning",,,
Breast abnormalities,,,,,,,Mammography,,,
Breast cancer screening,,,,,,,Mammography,,,
Breast cysts,,,consult doctor,,,,,No precaution,Having HRT can increase the risk of developing new cysts.,
Bronchial Asthma,,,,,,,,,,"fatigue, cough, high fever, breathlessness, family history, mucoid sputum"
Bronchitis,,,analgesic,"Acetaminophen, salicylates, opioid drugs, morphine, oxycodone",,,,"Don't smoke, Wash your hands frequently, wear mask in a large crowd, Avoid contacting ill people","Cigarette smoke, Gastric reflux, Exposure to irritants on the job, weak immunity",
Cancer,,,,,"gene mutations, Fail to stop uncontrolled cell growth, mistakes when repairing DNA errors","Pain, Fatigue, Difficulty breathing, Nausea, Diarrhea or constipation, Weight loss, Chemical changes in your body, Brain and nervous system problems, Unusual immune system reactions to cancer, Cancer that spreads",,,,
Cancer diagnosis,,,,,,,"Cellular and chemical analysis, Biopsy",,,
Cancer staging,,,,,,,Positron emission tomography (PET scan),,,
Cardiac conditions,,,,,,,Single photon emission computed tomography (SPECT scan),,,
Cardiac output,,,,,,,Ballistocardiography,,,
Cardiomyopathy,,,,,,,Cardiac magnetic resonance imaging,,,
Carrier screening,,,,,,,Genetic testing,,,
Cause of death determination,,,,,,,Autopsy,,,
Celiac disease,,,,,,,Malabsorption test,,,
Cerebral palsy,,,sedative,"barbiturates, benzodiazepines, gamma-hydroxybutyrate (GHB)",,,,"Making sure child is vaccinated,Using proper car seat, Using crib with bed rail, Never shake a baby","Low birth weight, severe or untreated jaundice, Premature birth, Viral encephalitis, Toxoplasmosis",
Cervical Spondylosis,,,"analgesic, nonsteroidal anti-inflammatory drugs, nsaids","Acetaminophen, salicylates, opioid drugs, morphine, oxycodone",,,,,,
Cervical abnormalities,,,,,,,Colposcopy,,,
Cervical cancer,,,,,,,Pap smear,,,
Cervical cancer screening,,,,,,,"Colposcopy, Gynecological examination",,,
Cervical spondylosis,,,,,,,,"use heating pad or cold pack,exercise,take otc pain reliever,consult doctor","Older age, stress on your neck, Neck injuries, Genetic factors, Smoking","back pain, weakness in limbs, neck pain, dizziness, loss of balance"
Chicken pox,,,"analgesic, antihistamine","Acetaminophen, salicylates, opioid drugs, morphine, oxycodone, Brompheniramine, Cetirizine, Chlorpheniramine, Brompheniramine (Dimetane)",,,,"Use neem in bathing, consume neem leaves, take vaccine, avoid public places",People who haven't already had chickenpox.,
Chickenpox,"arms, back, chest, face, legs, scalp, skin","Nuss procedure, V-plasty, VY-plasty, W-plasty, Z-plasty, Escharotomy, Skin biopsy",,,,,,,,"itching, skin rash, fatigue, lethargy, high fever, headache, loss of appetite, mild fever, swelled lymph nodes, malaise, red spots over body"
Chikungunya,,,analgesic,"Acetaminophen, salicylates, opioid drugs, morphine, oxycodone",,,,"Prevent mosquito bites, Use insect repellent, wear long-sleeved shirts and pants","Older age, people with underlying medical conditions, such as hypertension, diabetes, or heart disease",
Chlamydia,,,"antibiotics, isoniazid",,,,,"Use condom during sexual intercourse, have sexually monogamous partner with no infection","Having a sex partner with multiple partners, Having multiple sex partners, Having had another STD",
Cholera,"alimentary canal, small intestine",,"antibiotics, isoniazid",,,,,"Drink safe water, Wash your hands often with soap, Use toilets, use safe water for cooking","Poor sanitary conditions, Reduced or nonexistent stomach acid, Type O blood, undercooked shellfish",
Chromosomal abnormalities,,,,,,,"Fluorescence in situ hybridization (FISH), Prenatal testing",,,
Chronic Cholestasis,,,"udca, ursodeoxycholic acid",,,,,,,"itching, vomiting, yellowish skin, nausea, loss of appetite, abdominal pain, yellowing of eyes"
Chronic bronchitis,,,,,,,Pulmonary function test,,,
Chronic cholestasis,,,,,,,,"Cold baths, anti itch medicine, consult doctor, eat healthy","infections from viruses such as HIV, hepatitis, cytomegalovirus",
Chronic cough,,,,,"Postnasal drip, Asthma, Gastroesophageal reflux disease (GERD), Infections, Chronic obstructive pulmonary disease (COPD), Blood pressure drugs, Bronchiectasis, Idiopathic pulmonary fibrosis, Sarcoidosis, Cystic fibrosis","Sleep disruption, Headache, Dizziness, Vomiting, Excessive sweating, Loss of bladder control, urinary incontinence, Fractured ribs, Passing out, syncope",,,,
Chronic obstructive pulmonary disease (COPD),,,,,,,Respiratory test,,,
Cirrhosis,,,"antibiotics, antiviral drugs, isoniazid, ",,,,", Thymol turbidity","Don't abuse alcohol,Avoid high-risk sexual behavior,Get vaccinated against hepatitis B,low-fat diet, ","Excessive alcohol consumption, Having viral hepatitis, obesity, ",
Cirrhosis),,,,,,,Liver function test,,,
Cognitive disorders,,,,,,,Functional magnetic resonance imaging (fMRI),,,
Common Cold,"nose, sinuses, throat, trachea, windpipe",,"analgesic, nasal decongestants","Acetaminophen, salicylates, opioid drugs, morphine, oxycodone, decongestants, pseudoephedrine, phenylephrine",,,,"drink vitamin c rich drinks, take vapour, avoid cold food, keep fever in check","Children younger than 6, weakened immune system, Smoking","continuous sneezing, chills, fatigue, cough, high fever, headache, swelled lymph nodes, malaise, phlegm, throat irritation, redness of eyes, sinus pressure, runny nose, congestion, chest pain, loss of smell, muscle pain"
Congenital heart defects,,,,,,,"Angiocardiography, Echocardiography",,,
Conjunctivitis,,,consult doctor,,,,,"Avoid touching your eyes with unwashed hands, Do not share items used by an infected person","Using contact lenses, Exposure to something for which you have an allergy",
Coronary artery disease,,,,,,,"Angiocardiography, Cardiac catheterization",,,
Crohn's disease,,,,,,,Malabsorption test,,,
Cystic fibrosis,,,"antibiotics, isoniazid, penicillin","Penicillin 30, VK, Penicillin V, Potassium Tablets USP 250 mg",,,,"Appropriate hand hygiene, build up immunity","Family history, it is most common in white people",
DNA repair deficiencies,,,,,,,Complementation test,,,
Dehydration,,,,,,,Hematocrit,,,
Dementia,,,consult doctor,,,,,"Balanced diet, exercising regularly, stopping smoking, keeping alcohol within recommended limits","Depression, smoking, Diabetes, Sleep apnea, Down syndrome, Family history, Heavy alcohol use",
Dengue,,,analgesic,"Acetaminophen, salicylates, opioid drugs, morphine, oxycodone",,,,"drink papaya leaf juice, avoid fatty spicy food, keep mosquitos away, keep hydrated","Living or traveling in tropical areas, Prior infection with a dengue fever virus","skin rash, chills, joint pain, vomiting, fatigue, headache, nausea, loss of appetite, pain behind the eyes, back pain, malaise, muscle pain, red spots over body"
Depression,,,"selective serotonin reuptake inhibitors, ssris",,,,,"Handle stress, improve your self-esteem, Get enough sleep, eat well, and exercise regularly","Certain traits, Traumatic events, family history, alcoholism or suicide, intersex, chronic illness",
Diabetes,,,"dpp-4 inhibitors, glp-1 receptor agonists, insulin, meglitinides, metformin, sglt2 inhibitors, sulfonylureas, thiazolidinediones, ","a class of oral hypoglycemics that block the enzyme dipeptidyl peptidase-4, 30 or 31 amino acid long peptide hormone, two peptide chains, A chain, B chain, belonging to the meglitinide class of antidiabetic agents with hypoglycemic activity, a refined herbal medicine derived from a flower called French lilac, rosiglitazone and pioglitazone (Actos), canagliflozin, dapagliflozin, empagliflozin, a central S-aryl sulfonylurea structure with a p-substituent on the phenyl ring, potent, synthetic ligands, peroxisome proliferator, activated receptor, gamma activation, ","unhealthy diets, genetic, Overweight, obesity, physical inactivity, Insulin resistance, Genes, family history, Genetic mutations, Hormonal issues, ","Heart disease, cardiovascular disease, Nerve damage, Kidney damage, Eye damage, Foot damage, Skin and mouth conditions, Hearing impairment, Alzheimer's disease, Excess growth, Preeclampsia, ",", Glucose tolerance test","have balanced diet,exercise,consult doctor,follow up, ","coronary artery disease with chest pain, heart attack, stroke and narrowing of arteries, ","fatigue, weight loss, restlessness, lethargy, irregular sugar level, blurred and distorted vision, obesity, excessive hunger, increased appetite, polyuria, "
Digestive system disorders,,,,,,,Endoscopy,,,
Dimorphic Hemmorhoids,,,,,,,,,,"constipation, pain during bowel movements, pain in anal region, bloody stool, irritation in anus"
Diphtheria,"bones, finger, heart, mouth, proximal phalanges, throat, upper respiratory tract","Uvulopalatoplasty, Palatoplasty, Gingivectomy, Glossectomy, Esophagectomy, Gastrectomy, Appendectomy, Proctocolectomy, Colectomy, Hepatectomy, Cholecystectomy, Pancreatectomy, Pancreaticoduodenectomy, Gastrostomy, Percutaneous endoscopic gastrostomy, Gastroduodenostomy, Gastroenterostomy, Ileostomy, Jejunostomy, Colostomy, Cholecystostomy, Hepatoportoenterostomy, Sigmoidostomy, Uvulotomy, Myotomy, Heller myotomy, Pyloromyotomy, Anal sphincterotomy, Lateral internal sphincterotomy, Vertical banded gastroplasty, Gastropexy, Colon resection, Nissen fundoplication, Hernia repair, Omentopexy, Liver biopsy","antibiotics, isoniazid, penicillin","Penicillin 30, VK, Penicillin V, Potassium Tablets USP 250 mg",,,,Prevent contact with infected persons,"People living in unsanitary conditions, anyone who tours where diphtheria infections are more common",
Diphtheria immunity assessment,,,,,,,Schick test,,,
Disease research,,,,,,,Autopsy,,,
Down syndrome,,,"consult doctor, ",,,,", Prenatal testing, Amniocentesis","No precaution, ","Family history, ",
Drug Allergy,,,"antihistamine, steroid","Brompheniramine, Cetirizine, Chlorpheniramine, Brompheniramine (Dimetane), 17 carbon atom, bonded in 4 fused ring, 3 6-member cyclohexane ring",,,,,,
Drug Reaction,,,,,,,,,,"itching, skin rash, stomach pain, burning micturition, spotting  urination"
Drug allergy,,,,,,,,"Stop irritation, consult nearest hospital, stop taking drug and follow up","History of food allergy or hay fever, history of drug allergy, Increased exposure to a drug",
Drug overdose,,,,,,,Toxicology test,,,
Dysentery,"abdominal, alimentary canal, colon, ileum, intestine, stomach",Diverticulectomy,,,,,,,,
E. coli Infection,,,consult doctor,,,,,"Wash hands, cutting boards, utensils after they touch raw meat. Avoid raw milk, unpasteurized dairy","Weakened immune systems, Eating certain types of food, being non vegetarian",
ENT disorders,,,,,,,Nasopharyngolaryngoscopy,,,
Ebola,"liver, lymph nodes, spleen",,,,,,,,,
Ectopic pregnancy,,,,,,,Pregnancy test,,,
Eczema,,,"antihistamine, steroid","Brompheniramine, Cetirizine, Chlorpheniramine, Brompheniramine (Dimetane), 17 carbon atom, bonded in 4 fused ring, 3 6-member cyclohexane ring",,,,"Establish a skin care routine, Use mild soap, use gloves if job requires hands in water","Family history of eczema, allergies, hay fever or asthma",
Encephalitis,,,,,,,Lumbar puncture,,,
Endometriosis,,,,,,,Laparoscopy,,,
Enzyme deficiencies,,,,,,,Enzyme analysis,,,
Epilepsy,,,"lyrics, pregabalin, ",,,,", Magnetoencephalography, Electroencephalography (EEG)","Take frequent breaks, drink lots of water, Wear protective clothing, Avoid busy streets when riding, ","Family history, Family history, Stroke and other vascular diseases, Dementia, Brain infections, ",
Esophageal disorders,,,,,,,Esophagogastroduodenoscopy (EGD),,,
Evaluation and diagnosis of various diseases and conditions,,,,,,,Diagnostic procedures,,,
Fibromyalgia,,,"analgesic, selective serotonin reuptake inhibitors, ssris","Acetaminophen, salicylates, opioid drugs, morphine, oxycodone",,,,"Get adequate sleep, Reduce emotional and mental stress, Get regular exercise, Eat a balanced diet","Family history, being woman, osteoarthritis, rheumatoid arthritis or lupus",
Fluid accumulation assessment,,,,,,,Percussion,,,
Food Poisoning,"colon, small intestine, stomach",,,,,,,,,
Food allergy,,,,,,,,"Apply calamine, cover area with bandage, use ice to compress itching","Atopic dermatitis, Family history, hay fever",
Fungal Infection,,,"antifungal cream, antifungal liquids, antifungal sprays","clotrimazole, econazole, ketoconazole, miconazole, tioconazole, terbinafine, amorolfine",,,,"Bath twice, use dettol or neem in bathing water, keep infected area dry, use clean cloths","Colonization, broad-spectrum antibiotics, indwelling central catheter","itching, skin rash, nodal skin eruptions, dischromic patches"
GERD,,,"antacid, antidiarrhoeal, proton-pump inhibitor","calcium carbonate, magnesium hydroxide, aluminum hydroxide, sodium bicarbonate, chloroform, methanol, aqueous extracts of Bidens odorata Cav, esomeprazole, Iansoprazole, omeprazole, pantoprazole  rabeprazole","frequent acid reflux, reflux of nonacidic content from stomach","Inflammation of the tissue in the esophagus, esophagitis, Narrowing of the esophagus, esophageal stricture, Precancerous changes to the esophagus, Barrett esophagus",,"Avoid fatty spicy food, avoid lying down after eating, maintain healthy weight, exercise","Obesity, Connective tissue disorders, such as scleroderma","stomach pain, acidity, ulcers on tongue, vomiting, cough, chest pain"
Gallbladder disorders,,,,,,,Cholecystography,,,
Gallstones,,,", statin",", Levacor, Zocor, Pravachol, Lipitor, Crestor",,,"Cholecystography, ",", Eat more food that is high in fiber, fewer refined carbohydrates, less sugar, Avoid unhealthy fat",", Sickle cell anemia or leukemia, Family history, being woman, diabetes, Being pregnant",
Gastric cancer,,,,,,,Gastric fluid analysis,,,
Gastritis,,,"antibiotics, isoniazid, penicillin, ","Penicillin 30, VK, Penicillin V, Potassium Tablets USP 250 mg, ",,,", Gastric fluid analysis","Avoid known trigger foods, quit smoking, manage stress, avoiding alcohol, maintain healthy weight, ","Excessive alcohol use, Stress, Older age, Bacterial infection, vitamin B-12 deficiency, ",
Gastroenteritis,"colon, small intestine, stomach",,"imodium, pepto-bismol","loperamide hydrochloride, 4-p-chlorophenyl-4-hydroxy-N, N-dimethyl-a, flavor, magnesium aluminum silicate, methylcellulose, saccharin sodium",,,,"stop eating solid food for while, try taking small sips of water, rest, ease back into eating",measles and immunodeficiencies put the patient at a higher risk for a gastrointestinal,"vomiting, sunken eyes, dehydration, diarrhoea"
Gastrointestinal bleeding,,,,,,,Endoscopy,,,
General health,,,,,,,Physical and visual examination,,,
Genetic abnormalities,,,,,,,Prenatal testing,,,
Genetic diseases,,,,,,,Fluorescence in situ hybridization (FISH),,,
Genetic disorders,,,,,,,"Genetic testing, Prenatal testing, Complementation test, Amniocentesis",,,
Genetic screening of embryos,,,,,,,Preimplantation genetic diagnosis,,,
Gestational diabetes,,,,,,,Glucose tolerance test,,,
Giardiasis,,,"antibiotics, isoniazid",,,,,"Practice good hygiene, Avoid contaminated water,eating contaminated food, Prevent contact with feces","Children, People without access to safe drinking water, rural or wilderness areas",
Glomerular filtration rate,,,,,,,Inulin clearance,,,
Gonorrhoea,"cervix, eye, mucous membranes, rectum, reproductive organs, throat, urethra, urinogenital tract","Punctoplasty, Trabeculoplasty, Photorefractive keratectomy, Trabeculectomy, Iridectomy, Vitrectomy, Dacryocystorhinostomy, Radial keratotomy, Mini Asymmetric Radial Keratotomy, Corneal transplantation, Hemorrhoidectomy","antibiotics, isoniazid",,,,,"Use condom during sexual intercourse, have sexually monogamous partner with no infection","Having a sex partner with multiple partners, Having multiple sex partners, Having had another STD",
Gout,,,"antibiotics, isoniazid",,,,,"Limit the intake of alcohol, fat, lose weight, Eat more complex carbohydrates, drink lots of water","High levels of uric acid, Alcohol consumption, Obesity, high BP, chronic condition, being man",
HIV,"brain, immune system, skin, spinal cord","Hypnosurgery, V-plasty, VY-plasty, W-plasty, Z-plasty, Escharotomy, Skin biopsy",,,"virus, sexual contact, illicit injection drug use or sharing needles, contact with infected blood, or from mother to child during pregnancy, childbirth, breastfeeding","Pneumocystis pneumonia (PCP), Candidiasis (thrush), Tuberculosis (TB), Cytomegalovirus, Cryptococcal meningitis, Toxoplasmosis, Lymphoma, Kaposi's sarcoma, Wasting syndrome, Neurological complications, Kidney disease, Liver disease",,,,
Heart Attack,,,,,,,,,,"vomiting, breathlessness, sweating, chest pain"
Heart abnormalities,,,,,,,Cardiac magnetic resonance imaging,,,
Heart and lung sound evaluation,,,,,,,Auscultation,,,
Heart attack,,,"intravenous, ","water, electrolytes, glucose, albumin, blood product isotonic, hypotonic, hypertonic, ",,,", Electrocardiography (ECG/EKG)","Eat a healthy diet, Get regular exercise, Limit alcohol, Don't smoke, Manage stress, ","Tobacco, old age, High blood cholesterol, Obesity, Diabetes, Stress, An autoimmune condition, ",
Heart diseases,,,,,,,Cardiovascular diagnostic,,,
Heart function assessment,,,,,,,Ballistocardiography,,,
Heart rhythm abnormalities,,,,,,,Electrocardiography (ECG/EKG),,,
Heart sound abnormalities,,,,,,,Phonocardiography,,,
Heart valve abnormalities,,,,,,,Echocardiography,,,
Heart valve conditions,,,,,,,Cardiac catheterization,,,
Hemophilia,,,,,,,Blood analysis,,,
Hepatitis,,,,,,,Thymol turbidity,,,
Hepatitis A,,,consult doctor,,,,,"wearing of latex gloves when handling faeces, urine, saliva, and blood","Travel in areas where hepatitis A is common, have a clotting-factor disorder, such as hemophilia","joint pain, vomiting, yellowish skin, dark urine, nausea, loss of appetite, abdominal pain, diarrhoea, mild fever, yellowing of eyes, muscle pain"
Hepatitis B,,,,,,,,,,"itching, fatigue, lethargy, yellowish skin, dark urine, loss of appetite, abdominal pain, yellow urine, yellowing of eyes, malaise, receiving blood transfusion, receiving unsterile injections"
Hepatitis C,,,,,,,,,,"fatigue, yellowish skin, nausea, loss of appetite, yellowing of eyes, family history"
Hepatitis D,,,,,,,,,,"joint pain, vomiting, fatigue, yellowish skin, dark urine, nausea, loss of appetite, abdominal pain, yellowing of eyes"
Hepatitis E,,,,,,,,,,"joint pain, vomiting, fatigue, high fever, yellowish skin, dark urine, nausea, loss of appetite, abdominal pain, yellowing of eyes, acute liver failure, coma, stomach bleeding"
Hepatitis),,,,,,,Serological test,,,
Herniated discs,,,,,,,Myelography,,,
Herpes,,,"oseltamivir, tamiflu",,,,,"Always use condoms and dental dams during oral, anal, and vaginal sex","Having multiple sexual partners, being woman, having sex during a herpes outbreak",
Human papillomavirus (HPV) infection,,,,,,,Pap smear,,,
Hydrocephalus,,,,,,,"Pneumoencephalography, Echoencephalography",,,
Hyperhidrosis,,,,,"Diabetes, Menopause hot flashes, Thyroid problems, Some types of cancer, Nervous system disorders, Infections","skin infections, clammy, dripping hands",,,,
Hypertension,,,", acebutolol, benazepril, lotensin, sectral",,,,"Cardiovascular diagnostic, ",", meditation,salt baths,reduce stress,get proper sleep",", Diabetes, Unhealthy Diet, Obesity, Excessive Alcohol, Tobacco Use, Family History, high BP",", headache, chest pain, dizziness, loss of balance, lack of concentration"
Hypoglycemia,,,levothyroxine,"L-thyroxine , levothyroxine , 51-48-9 , thyroxine , thyroxin",,,,"Lie down on side, check in pulse, drink sugary drinks","Taking too much insulin, skipping a meal, or exercising harder than usual","vomiting, fatigue, anxiety, sweating, headache, nausea, blurred and distorted vision, excessive hunger, drying and tingling lips, slurred speech, irritability, palpitations"
Hypothyroidism,,,levothyroxine,"L-thyroxine , levothyroxine , 51-48-9 , thyroxine , thyroxin",,,,"Reduce stress, exercise, eat healthy, get proper sleep","Woman, older age, family history of thyroid, autoimmune disease, Received radiation to your neck","fatigue, weight gain, cold hands and feets, mood swings, lethargy, dizziness, puffy face and eyes, enlarged thyroid, brittle nails, swollen extremeties, depression, irritability, abnormal menstruation"
Hypothyroidism),,,,,,,"Protein-bound iodine test, Thyroid function test",,,
Imaging for various organs and systems,,,,,,,Tomography,,,
Impetigo,,,"antibiotics, isoniazid, penicillin","Penicillin 30, VK, Penicillin V, Potassium Tablets USP 250 mg",,,,"Wash your hands often with soap and water, use alcohol hand rubs, Do not share personal items","Diabetes, weakened immune system, children ages 2 to 5, Crowded conditions, Broken skin","skin rash, high fever, blister, red sore around nose, yellow crust ooze"
Infant reflux,,,,,"Pyloric stenosis, Food intolerance, Eosinophilic esophagitis, Sandifer syndrome",GERD,,,,
Infections,,,,,,,Blood count,,,
Infectious diseases (such as HIV,,,,,,,Serological test,,,
Infertility,,,,,,,Semen analysis,,,
Influenza,"lungs, nose, respiratory system, throat",,,,,,,,,
Insomnia,,,antihistamine,"Brompheniramine, Cetirizine, Chlorpheniramine, Brompheniramine (Dimetane)",,,,"Avoid caffeine, alcohol late in the day, exercise regularly, Make your sleep place comfortable","Older age, being woman, during menopause, menstrual cycle or pregnancy,stress,mental health disorder",
Internal injuries,,,,,,,Computed tomography (CT scan),,,
Iritis,,,steroid,"17 carbon atom, bonded in 4 fused ring, 3 6-member cyclohexane ring",,,,"Protecting the eye from injury, avoid exposure of eye to infections, foods rich in vitamins C and E","Develop a sexually transmitted infection, Smoke tobacco, Have a specific genetic alteration",
Jaundice,,,"consult doctor, ",,,,", Liver function test","drink plenty of water,consume milk thistle,eat fruits and high fibrous food,medication, ","Premature birth, Significant bruising during birth, Blood type, Breast-feeding, Race, ","itching, vomiting, fatigue, weight loss, high fever, yellowish skin, dark urine, abdominal pain, "
Kidney diseases,,,,,,,"Kidney function test, Urinalysis",,,
Kidney function,,,,,,,"Inulin clearance, Phenolsulfonphthalein test",,,
Kidney function evaluation,,,,,,,Rubin's test,,,
Kidney stones,,,", diuretic",", hydrochlorothiazide, chlorthalidone, indapamide",,,"Uroscopy, , Urography ",", Stay hydrated, Eat more calcium-rich foods and Eat less sodium, oxalate-rich foods, animal protein",", Dehydration, family history, Digestive diseases, obesity, diet high in protein, sodium and sugar",
Leprosy,,,"antibiotics, isoniazid, steroid","17 carbon atom, bonded in 4 fused ring, 3 6-member cyclohexane ring",,,,Early diagnosis and treatment of people who are infected.,"Living in an endemic region, contact of person suffering from leprosy",
Leukemia,,,,,,,"Blood analysis, Bone marrow aspiration",,,
Liver diseases (such as Hepatitis,,,,,,,Liver function test,,,
Liver function,,,,,,,Thymol turbidity,,,
Lung cancer,,,,,,,Bronchoscopy,,,
Lung cancer staging,,,,,,,Mediastinoscopy,,,
Lung diseases (such as Chronic obstructive pulmonary disease - COPD),,,,,,,Lung ventilation,,,
Lung function assessment,,,,,,,Pulmonary function test,,,
Lung infections,,,,,,,Bronchoscopy,,,
Lupus,,,"steroid, ","17 carbon atom, bonded in 4 fused ring, 3 6-member cyclohexane ring, ",,,", Cephalin-cholesterol flocculation","Limit direct sunlight, Get enough sleep, manage stress, Stay away from people who are sick, ","Men, Blacks,Latinos and Asian Americans are more likely to have lupus nephritis than whites, ",
Lyme disease,,,"antibiotics, isoniazid, penicillin","Penicillin 30, VK, Penicillin V, Potassium Tablets USP 250 mg",,,,"Use insect repellents, tick-proof your yard, Check your clothing, your children and pets for ticks","Spending time in wooded or grassy areas, Not removing ticks promptly or properly",
Lymph node evaluation,,,,,,,Mediastinoscopy,,,
Lymphoma,,,,,,,Bone marrow aspiration,,,
Malabsorption syndromes,,,,,,,Malabsorption test,,,
Malaria,,,"artemisinin-based combination therapies, chloroquine phosphate","lumefantrine, mefloquine, amodiaquine, sulfadoxine, piperaquine, chlorproguanil, dapsone, 500 mg chloroquine phosphate USP, 300 mg chloroquine base","Mosquito transmission, mother to unborn child, blood transfusions, Transmission of parasite","block small blood vessels in brain, cerebral malaria, swelling of brain, brain damage, seizures, coma, Breathing problems, Organ failure, Anemia, Low blood sugar",,"Avoid oily food, avoid non veg food, keep mosquitos out","Availability of mosquito breeding site or stagnant water near the home, staying outdoors overnight","chills, vomiting, high fever, sweating, headache, nausea, diarrhoea, muscle pain"
Masses or abnormalities detection,,,,,,,Palpation test,,,
Measles,"back, chest, ears, face, feet, intestines, skin","Nuss procedure, Otoplasty, Stapedectomy, Mastoidectomy, Auriculectomy, Myringotomy, V-plasty, VY-plasty, W-plasty, Z-plasty, Escharotomy, Skin biopsy",analgesic,"Acetaminophen, salicylates, opioid drugs, morphine, oxycodone","virus, infectious droplets, someone with measles coughs, sneezes or talks, putting your fingers in your mouth or nose, rubbing your eyes, touching the infected surface","Diarrhea and vomiting, Ear infection, Bronchitis, laryngitis, croup, Pneumonia, Encephalitis, Pregnancy problems",,"Practice good hand hygiene, Don t share personal items with people who may be ill, get vaccinated","Being unvaccinated, Having a vitamin A deficiency, travelling to places where measles is common",
Meningitis,,,"antibiotics, isoniazid, penicillin, ","Penicillin 30, VK, Penicillin V, Potassium Tablets USP 250 mg, ","Viral infections, Streptococcus pneumonia, Neisseria meningitidis, Haemophilus influenzae, Listeria monocytogenes, ","Hearing loss, Memory problems, Learning disabilities, Brain damage, Trouble walking, Seizures, Kidney failure, Shock, Death, ",", Lumbar puncture","Cover your mouth when coughing or sneezing, Clean your hands before eating, do not contact ill person, ","Skipping vaccinations, pregnant women, weak immune system, AIDS, alcoholism, diabetes, using drugs, ",
Metabolic disorders,,,,,,,"Magnetic resonance spectroscopy, Enzyme analysis",,,
Migraine,,,"analgesic, antipsychotics, stimulant","Acetaminophen, salicylates, opioid drugs, morphine, oxycodone, prochlorperazine, droperidol, haloperidol, chlorpromazine, methylxanthines, methylated purines, cocaine, nicotine",,,,"meditation,reduce stress,use polaroid glasses in sun,consult doctor","Skipping meals, Too much or too little sleep, Stress, Smoking, Depression, anxiety, excessive alcohol","acidity, indigestion, headache, blurred and distorted vision, excessive hunger, stiff neck, depression, irritability, visual disturbances"
Multiple sclerosis,,,", immunosuppressive drug, steroid",", calcineurin inhibitors, interleukin inhibitors, selective immunosuppressants, TNF alfa inhibitors, 17 carbon atom, bonded in 4 fused ring, 3 6-member cyclohexane ring",,,"Magnetic resonance imaging (MRI), Lumbar puncture, ",", No precaution",", Family history, being woman, Smoking, Vitamin D deficiency, diabetes, inflammatory bowel disease",
Mumps,"respiratory passages, salivary glands, testes",,analgesic,"Acetaminophen, salicylates, opioid drugs, morphine, oxycodone",,,,"Cover your mouth when coughing or sneezing, Clean your hands before eating, do not contact ill person","Being unvaccinated, travelling to places where mumps is common, contact of ill person",
Muscle diseases,,,,,,,Electromyography (EMG),,,
Muscular dystrophy,,,steroid,"17 carbon atom, bonded in 4 fused ring, 3 6-member cyclohexane ring",,,,"Exercise, Braces, Mobility aids, Breathing assistance, swimming",Family history,
Nasal polyps,,,,,,,Nasopharyngolaryngoscopy,,,
Nerve disorders,,,,,,,Electromyography (EMG),,,
Neural tube defects,,,,,,,Amniocentesis,,,
Organ enlargement,,,,,,,Percussion,,,
Osteoarthristis,,,,,,,,,,"joint pain, neck pain, knee pain, hip joint pain, swelling joints, painful walking"
Osteoarthritis,,,analgesic,"Acetaminophen, salicylates, opioid drugs, morphine, oxycodone",,,,"acetaminophen, salt baths, Keep a healthy body weight, Prevent injury to your joints","Older age, overweight, being a woman, Joint injuries, Bone deformities, certain metabolic diseases",
PCOS,,,metformin,"a refined herbal medicine derived from a flower called French lilac, rosiglitazone and pioglitazone (Actos)",,,,"Maintain a healthy weight, Limit carbohydrates, Be active, Exercise regularly","Diabetes, High blood pressure, Unhealthy cholesterol, Depression and anxiety",
Pancreatic diseases,,,,,,,Endoscopic retrograde cholangiopancreatography,,,
Paralysis,,,,,,,,,,"vomiting, headache, weakness of one body side, altered sensorium"
Paroxysmal Positional Vertigo,,,consult doctor,,,,,"Lie down, avoid sudden change in body, avoid abrupt head movement, relax","Age 50 and older, being woman, head injury, disorder of the balance organs of your ear",
Paroymsal Positional Vertigo,,,,,,,,,,"vomiting, headache, nausea, spinning movements, loss of balance, unsteadiness"
Peptic Ulcer,,,"lansoprazole, omeprazole, pantoprazole, proton pump inhibitors","Prilosec, Prevacid, Aciphex, Nexium Protonix",,,,"Avoid fatty spicy food, consume probiotic food, eliminate milk, limit alcohol","taking NSAIDs, Smoking, H. pylori infected, alcohol consumption, untreated stress","vomiting, indigestion, loss of appetite, abdominal pain, passage of gases, internal itching"
Peptic ulcers,,,,,,,Gastric fluid analysis,,,
Pertussis,upper respiratory tract,,,,,,,,,
Pheochromocytoma,,,,,,,Epinephrine tolerance test,,,
Phthiriasis,,,consult doctor,,,,,Do not use infected person's personal items,If in sexual contact with person with pubic lice.,
Piles,,,"lidocaine, steroid","hydrochloride, epinephrine, 0.5 mg sodium metabisulfite, 0.2 mg citric acid, 17 carbon atom, bonded in 4 fused ring, 3 6-member cyclohexane ring",,,,"Avoid fatty spicy food, consume witch hazel, warm bath with Epsom salt, consume Aloe Vera juice",Pregnancy and older age,"constipation, pain during bowel movements, pain in anal region, bloody stool, irritation in anus"
Pleural effusion,,,,,,,Thoracentesis,,,
Pneumonia,,,", antibiotics, isoniazid, penicillin",", Penicillin 30, VK, Penicillin V, Potassium Tablets USP 250 mg",,,"Respiratory test, Thoracentesis, ",", Practice good hygiene, Don't smoke, Practice a healthy lifestyle, Avoid sick people",", Asthma, chronic obstructive pulmonary disease (COPD) or heart disease, Smoking, weakened immunity",", chills, fatigue, cough, high fever, breathlessness, sweating, malaise, phlegm, chest pain, fast heart rate, rusty sputum"
Poisoning,,,,,,,Toxicological examination,,,
Polio,"blood, intestines, motor, neurons, pharynx, spinal cord",,"ipv, opv, polio vaccine",,,,,Getting vaccinated,"Children younger than 5, unvaccinated individuals",
Polycythemia,,,,,,,Hematocrit,,,
Pregnancy,,,,,,,Pregnancy test,,,
Pregnancy monitoring,,,,,,,Ultrasound,,,
Psoriasis,,,steroid,"17 carbon atom, bonded in 4 fused ring, 3 6-member cyclohexane ring",,,,"Wash hands with warm soapy water, stop bleeding using pressure, consult doctor, salt baths","Family history, Viral and bacterial infections, Obesity, Lesions, Smoking","skin rash, joint pain, skin peeling, silver like dusting, small dents in nails, inflammatory nails"
Pulmonary embolism,,,,,,,Perfusion scan,,,
Rabies,,,"oseltamivir, tamiflu",,,,,"Vaccinate dogs and cats against rabies, Do not keep wild animals as pets, Leave stray animals alone","Travelling where rabies is common, Activities that put you in contact with wild animals",
Renal blood flow,,,,,,,Phenolsulfonphthalein test,,,
Renal failure,,,,,,,Kidney function test,,,
Reproductive disorders,,,,,,,Semen analysis,,,
Reproductive system disorders,,,,,,,Gynecological examination,,,
Rheumatoid arthritis,,,,,,,Cephalin-cholesterol flocculation,,,
Rubella,,,consult doctor,,,,,"Getting vaccinated, do not contact ill person","Contact with infected patient, not vaccinated, Overcrowding, Poor immune system, Medical personnel",
Salmonella,,,"antibiotics, isoniazid",,,,,"Avoid eating raw eggs, undercooked meat, Refrigerate food properly, wash hands after contacting meat","Owning a pet bird or reptile, Inflammatory bowel disease, AIDS, Sickle cell disease, Malaria",
Scarlet fever,,,,,,,Dick test,,,
Schizophrenia,,,"abilify, aripiprazole",,,,,"Don't use street drugs, and moderate any use of alcohol, Avoid social isolation","Family history, birth complications, drugs during teen years and young adulthood",
Screening and diagnosis of various health conditions,,,,,,,Medical tests,,,
Sexually transmitted infections (STIs),,,,,,,Syphilis test,,,
Sickle cell anemia,,,consult doctor,,,,,"Take folic acid supplements daily, healthy diet. Drink plenty of water. Avoid temperature extremes",If both parents carry a sickle cell gene.,
Sleep disorders,,,,,,,Electroencephalography (EEG),,,
Smallpox,"face, forearms, hands, trunk",,"tecovirimat, tpoxx",,,,,"Getting vaccinated, do not contact ill person","Being unvaccinated, contact with person suffering from small pox",
Spinal cord compression,,,,,,,Myelography,,,
Spinal cord injuries,,,,,,,Magnetic resonance imaging (MRI),,,
Stomach ulcers,,,,,,,Esophagogastroduodenoscopy (EGD),,,
Streptococcal infections,,,,,,,Dick test,,,
Stroke,,,", alteplase",", arginine, phosphoric acid, polysorbate 80, nitrogen",,,"Cerebral angiography, Brain scanning, Cardiovascular diagnostic, ",", healthy diet, exercise regularly, and avoid smoking and drinking too much alcohol",", Obesity, Heavy drinking, Use of illegal drugs, High BP, Cigarette smoking, High cholesterol",
Substance abuse,,,,,,,"Toxicology test, Toxicological examination",,,
Swine flu,,,"analgesic, antiviral drugs","Acetaminophen, salicylates, opioid drugs, morphine, oxycodone",,,,"Get vaccinated against H1N1, wash your hands often with soap, Avoid touching your eyes,nose or mouth","Swine farmers and veterinarians, traveled to an area where many people are affected by swine flu",
Syphilis,"bones, central nervous system, eyes, genitals, heart, joints, lips, rectum, reproductive organs, skin, tongue, ","Decompressive craniectomy, Hemispherectomy, Anterior temporal lobectomy, Hypophysectomy, Amygdalohippocampectomy, Ventriculostomy, Craniotomy, Pallidotomy, Thalamotomy, Lobotomy, Bilateral cingulotomy, Cordotomy, Rhizotomy, Neurosurgery, Psychosurgery, Brain biopsy, Ganglionectomy, Hemorrhoidectomy, V-plasty, VY-plasty, W-plasty, Z-plasty, Escharotomy, Skin biopsy, ",,,,,", Syphilis test",,,
Tetanus,"blood, central nervous system, motor, muscles, nerves of spinal cord","Decompressive craniectomy, Hemispherectomy, Anterior temporal lobectomy, Hypophysectomy, Amygdalohippocampectomy, Ventriculostomy, Craniotomy, Pallidotomy, Thalamotomy, Lobotomy, Bilateral cingulotomy, Cordotomy, Rhizotomy, Neurosurgery, Psychosurgery, Brain biopsy","antibiotics, isoniazid, metronidazole, penicillin","Penicillin 30, VK, Penicillin V, Potassium Tablets USP 250 mg","Clostridium tetani bacterium, bacteria","Breathing problems, Blockage of a lung artery, pulmonary embolism, Pneumonia, Broken bones, Death",,"Control bleeding, Keep the wound clean, Use antibiotics, Cover the wound, Change the dressing","Injecting drugs, Gunshot wounds, fractures, Animal or insect bites, foot ulcers, surgical wounds",
Throat infections,,,,,,,Nasopharyngolaryngoscopy,,,
Thrombocythemia,,,consult doctor,,,,,No precaution,"High blood cholesterol, high blood pressure, diabetes, and smoking",
Thyroid,,,"levothroid, levothyroxine sodium, levoxyl, synthroid, thyrox",,,,,"Avoid smoking, drink plenty water, Eat selenium, tyrosine, and antioxidants rich food","Woman who s had menopause, Had prolonged, calcium, vitamin D deficiency, Had radiation treatment",
Thyroid disorders (such as Hyperthyroidism,,,,,,,"Protein-bound iodine test, Thyroid function test",,,
Tissue analysis,,,,,,,Biopsy,,,
Tuberculosis,"brain, kidneys, lungs, lymph nodes, skin, spine","Hypnosurgery, V-plasty, VY-plasty, W-plasty, Z-plasty, Escharotomy, Skin biopsy","antibiotics, isoniazid",,bacteria,"Spinal pain, Joint damage, meningitis, Liver or kidney problems, Heart disorders",,"cover mouth, consult doctor, medication","AIDS, Severe kidney disease, Cancer treatment, Drugs to prevent rejection of transplanted organs","chills, vomiting, fatigue, weight loss, cough, high fever, breathlessness, sweating, loss of appetite, mild fever, yellowing of eyes, swelled lymph nodes, malaise, phlegm, chest pain, blood in sputum"
Tuberculosis infection screening,,,,,,,Tuberculin test,,,
Tuberculosis screening,,,,,,,Skin test,,,
Tumors,,,,,,,Computed tomography (CT scan),,,
Typhoid,"alimentary canal, blood, bone marrow, gallbladder, gastrointestinal tract, intestines, liver, lungs, lymph, mesenteric lymph nodes, peyers patches, spleen","Uvulopalatoplasty, Palatoplasty, Gingivectomy, Glossectomy, Esophagectomy, Gastrectomy, Appendectomy, Proctocolectomy, Colectomy, Hepatectomy, Cholecystectomy, Pancreatectomy, Pancreaticoduodenectomy, Gastrostomy, Percutaneous endoscopic gastrostomy, Gastroduodenostomy, Gastroenterostomy, Ileostomy, Jejunostomy, Colostomy, Cholecystostomy, Hepatoportoenterostomy, Sigmoidostomy, Uvulotomy, Myotomy, Heller myotomy, Pyloromyotomy, Anal sphincterotomy, Lateral internal sphincterotomy, Vertical banded gastroplasty, Gastropexy, Colon resection, Nissen fundoplication, Hernia repair, Omentopexy, Liver biopsy","chloramphenicol, penicillin","dichloro-substituted acetamide, nitrobenzene ring, amide bond, two alcohol functions, Penicillin 30, VK, Penicillin V, Potassium Tablets USP 250 mg","bacteria, Salmonella enterica serotype typhi, salmonella bacteria","Inflammation of heart muscle, myocarditis, Inflammation of valves, endocarditis, Infection of major blood vessels, mycotic aneurysm, Pneumonia, Inflammation of the pancreas, pancreatitis, Kidney or bladder infections, meningitis, Psychiatric problems, delirium, hallucinations, paranoid psychosis",,"eat high calorie vegetables, antibiotic therapy, consult doctor, medication","Work in or travel to areas where typhoid fever is established, Drink contaminated water","chills, vomiting, fatigue, high fever, headache, nausea, constipation, abdominal pain, diarrhoea, toxic look (typhos), belly pain"
Urinary Tract Infection,,,,,,,,,,"burning micturition, bladder discomfort, foul smell of urine, continuous feel of urine"
Urinary tract abnormalities,,,,,,,Urography ,,,
Urinary tract infection,,,"antibiotics, isoniazid, penicillin","Penicillin 30, VK, Penicillin V, Potassium Tablets USP 250 mg",,,,"Drink plenty of water, increase vitamin c intake, drink cranberry juice, take probiotics","Being women, Women who use diaphragms, A suppressed immune system, Kidney stones",
Urinary tract infections (UTIs),,,,,,,Urinalysis,,,
Vaginosis,,,"antibiotics, isoniazid",,,,,"Avoid over-washing, Avoid using strong detergent for underwear, Change your tampons or pads frequently","Having multiple sex partners, Natural lack of lactobacilli bacteria, Douching",
Valve disorders,,,,,,,Phonocardiography,,,
Varicose Veins,,,,,,,,,,"fatigue, cramps, bruising, obesity, swollen legs, swollen blood vessels, prominent veins on calf"
Varicose veins,,,consult doctor,,,,,"Lie down flat and raise the leg high, use ointments, use vein compressor, don't stand still for long","Older age, being woman, Family history, Obesity, Standing or sitting for long periods of time",
Various conditions and diseases,,,,,,,Diagnostic imaging,,,
Various parameters such as height,,,,,,,Measurement,,,
Whooping cough,,,"antibiotics, isoniazid",,,,,Getting vaccinated,"Being unvaccinated, travelling to places where whooping cough is common, contact of ill person",
Yellow fever,,,consult doctor,,,,,"Prevent mosquito bites Use insect repellent, wear protective clothing, and get vaccinated before traveling",If you travel to an area where mosquitoes continue to carry the yellow fever virus.,
Zika,"brain cells, immune system",,consult doctor,,,,,"Prevent mosquito bites, using condoms, use insect repellents, wear protective clothing while travelling","Living or traveling in countries where there have been outbreaks, Having unprotected sex",
blood pressure,,,,,,,Measurement,,,
scleroderma,,,"nifedipine, steroid","Dimethyl 1, 4-dihydro-2, 6-dimethyl-4-(o-nitrophenyl)-3, 5-pyridinedicarboxylate, 17 carbon atom, bonded in 4 fused ring, 3 6-member cyclohexane ring",,,,"Frequently massage skin, avoid soaps that dry skin, keep skin moist by use of moisturizing lotions","Genetics, being woman, Immune system problems, Environmental triggers",
weight,,,,,,,Measurement,,,
whooping cough,upper respiratory tract,,,,,,,,,
